precision,recall,f1
0.95,0.30296127562642367,0.45941278065630387
